{
 "mix d .3/.3/.4|Gaussian": {
  "residue": 1.1828083280376342,
  "single": 0.00012839357504677767,
  "lattice": 0.00010785144493090644,
  "fires": 15,
  "sample_info": [
   {
    "grains": [
     0.4996,
     0.2498,
     0.1249
    ],
    "weights": [
     0.372,
     0.298,
     0.28
    ],
    "w0": 0.049
   }
  ]
 },
 "mix d .3/.3/.4|Strongly skewed": {
  "residue": 0.07570595865756477,
  "single": 0.07570595865756477,
  "lattice": 0.07570595865756477,
  "fires": 0,
  "sample_info": []
 },
 "mix d .2/.3/.5|Gaussian": {
  "residue": 19.62954249973432,
  "single": 0.00012262873440865315,
  "lattice": 0.00010742088868901749,
  "fires": 15,
  "sample_info": [
   {
    "grains": [
     0.4996,
     0.2498,
     0.1249
    ],
    "weights": [
     0.462,
     0.307,
     0.183
    ],
    "w0": 0.049
   }
  ]
 },
 "mix d .2/.3/.5|Strongly skewed": {
  "residue": 0.08198794540490244,
  "single": 0.08198794540490244,
  "lattice": 0.08198794540490244,
  "fires": 0,
  "sample_info": []
 },
 "mix d+ex .15/.25/.35|Gaussian": {
  "residue": 5.642766109650933,
  "single": 0.00012673080110719393,
  "lattice": 0.00010931412490744488,
  "fires": 15,
  "sample_info": [
   {
    "grains": [
     0.4996,
     0.2498,
     0.1249
    ],
    "weights": [
     0.331,
     0.241,
     0.144
    ],
    "w0": 0.284
   }
  ]
 },
 "mix d+ex .15/.25/.35|Strongly skewed": {
  "residue": 0.06866664756006127,
  "single": 0.06866664756006127,
  "lattice": 0.06866664756006127,
  "fires": 0,
  "sample_info": []
 },
 "mix nd .3@.15/.5@.45|Gaussian": {
  "residue": 0.04373705517526248,
  "single": 0.00011210486947700192,
  "lattice": 0.00010169784658972158,
  "fires": 15,
  "sample_info": [
   {
    "grains": [
     0.4499,
     0.15
    ],
    "weights": [
     0.467,
     0.288
    ],
    "w0": 0.245
   }
  ]
 },
 "mix nd .3@.15/.5@.45|Strongly skewed": {
  "residue": 0.0661300321048515,
  "single": 0.0661300321048515,
  "lattice": 0.0661300321048515,
  "fires": 0,
  "sample_info": []
 },
 "rare-coarse .7/.15/.15|Gaussian": {
  "residue": 0.0002964646098603591,
  "single": 0.00017322931325743378,
  "lattice": 0.0001066835054544151,
  "fires": 15,
  "sample_info": [
   {
    "grains": [
     0.4996,
     0.2498,
     0.1249
    ],
    "weights": [
     0.133,
     0.154,
     0.664
    ],
    "w0": 0.049
   }
  ]
 },
 "rare-coarse .7/.15/.15|Strongly skewed": {
  "residue": 0.05128280344337737,
  "single": 0.05128280344337737,
  "lattice": 0.05454512874138261,
  "fires": 6,
  "sample_info": [
   {
    "grains": [
     0.25,
     0.125
    ],
    "weights": [
     0.287,
     0.661
    ],
    "w0": 0.052
   }
  ]
 },
 "single 0.5|Gaussian": {
  "residue": 48.21902456985808,
  "single": 0.00011144550724317071,
  "lattice": 0.00011012889976638483,
  "fires": 15,
  "sample_info": [
   {
    "grains": [
     0.4996
    ],
    "weights": [
     0.951
    ],
    "w0": 0.049
   }
  ]
 },
 "single 0.5|Strongly skewed": {
  "residue": 34.72056766428317,
  "single": 34.72056766428317,
  "lattice": 34.72056766428317,
  "fires": 0,
  "sample_info": []
 },
 "exact|Gaussian": {
  "residue": 0.0004113873167859933,
  "single": 0.0004113873167859933,
  "lattice": 0.0004113873167859933,
  "fires": 0,
  "sample_info": []
 },
 "exact|Strongly skewed": {
  "residue": 0.0015823170272478823,
  "single": 0.0015823170272478823,
  "lattice": 0.0015823170272478823,
  "fires": 0,
  "sample_info": []
 }
}