{
 "seed0": 20260627,
 "reps": 15,
 "results": {
  "Gaussian|exact|2000": {
   "fixed": 0.0013058496922221502,
   "residue": 0.0013001612104850864,
   "ad1": 0.0013001612104850864,
   "detect": "abstain 100%"
  },
  "Gaussian|exact|8000": {
   "fixed": 0.0004255266689087368,
   "residue": 0.0004113873167859933,
   "ad1": 0.0004113873167859933,
   "detect": "abstain 100%"
  },
  "Gaussian|heap0.10|2000": {
   "fixed": 0.0012071266097030684,
   "residue": 0.0010164819837362295,
   "ad1": 0.00046017651494255807,
   "detect": "hit 100% Dhat=0.100"
  },
  "Gaussian|heap0.10|8000": {
   "fixed": 0.0004432326005568505,
   "residue": 0.0003639885327838256,
   "ad1": 0.00014443261225597278,
   "detect": "hit 100% Dhat=0.100"
  },
  "Gaussian|heap0.25|2000": {
   "fixed": 10.430504273888392,
   "residue": 0.0010057869404731432,
   "ad1": 0.00037744667900361866,
   "detect": "hit 100% Dhat=0.250"
  },
  "Gaussian|heap0.25|8000": {
   "fixed": 12.924952494264009,
   "residue": 0.00028700462260051763,
   "ad1": 0.00012154736304928361,
   "detect": "hit 100% Dhat=0.250"
  },
  "Gaussian|heap0.50|2000": {
   "fixed": 59.22810861284781,
   "residue": 48.27172220175298,
   "ad1": 0.00035339714436695446,
   "detect": "hit 100% Dhat=0.500"
  },
  "Gaussian|heap0.50|8000": {
   "fixed": 59.19508993675369,
   "residue": 48.21902456985808,
   "ad1": 0.00011144550724317071,
   "detect": "hit 100% Dhat=0.500"
  },
  "Strongly skewed|exact|2000": {
   "fixed": 0.00472661490550525,
   "residue": 0.004721734003276518,
   "ad1": 0.004721734003276518,
   "detect": "abstain 100%"
  },
  "Strongly skewed|exact|8000": {
   "fixed": 0.0015908025761374822,
   "residue": 0.0015823170272478823,
   "ad1": 0.0015823170272478823,
   "detect": "abstain 100%"
  },
  "Strongly skewed|heap0.10|2000": {
   "fixed": 18.3704118515924,
   "residue": 0.037511467783849374,
   "ad1": 0.02457968287189573,
   "detect": "hit 87% Dhat=0.101"
  },
  "Strongly skewed|heap0.10|8000": {
   "fixed": 23.5452288575783,
   "residue": 0.03611830340660329,
   "ad1": 0.021820384406084522,
   "detect": "hit 93% Dhat=0.101"
  },
  "Strongly skewed|heap0.25|2000": {
   "fixed": 32.79834242569451,
   "residue": 0.07284950014472627,
   "ad1": 0.07284950014472627,
   "detect": "hit 0% Dhat=-1.000"
  },
  "Strongly skewed|heap0.25|8000": {
   "fixed": 33.033352668973194,
   "residue": 0.07202741270553316,
   "ad1": 0.07202741270553316,
   "detect": "hit 0% Dhat=-1.000"
  },
  "Strongly skewed|heap0.50|2000": {
   "fixed": 47.7613826229631,
   "residue": 33.026612562672014,
   "ad1": 33.026612562672014,
   "detect": "hit 0% Dhat=-1.000"
  },
  "Strongly skewed|heap0.50|8000": {
   "fixed": 48.15918466379954,
   "residue": 34.72056766428317,
   "ad1": 34.72056766428317,
   "detect": "hit 0% Dhat=-1.000"
  },
  "Claw|exact|2000": {
   "fixed": 0.002968159750418086,
   "residue": 0.0029706740095161405,
   "ad1": 0.0029706740095161405,
   "detect": "abstain 100%"
  },
  "Claw|exact|8000": {
   "fixed": 0.0009624581109366798,
   "residue": 0.0009606540950861113,
   "ad1": 0.0009606540950861113,
   "detect": "abstain 100%"
  },
  "Claw|heap0.10|2000": {
   "fixed": 2.2330987023172,
   "residue": 0.027656030449661487,
   "ad1": 0.009836874548908997,
   "detect": "hit 100% Dhat=0.100"
  },
  "Claw|heap0.10|8000": {
   "fixed": 7.983363681262451,
   "residue": 0.022931033543204058,
   "ad1": 0.002043771021120375,
   "detect": "hit 100% Dhat=0.100"
  },
  "Claw|heap0.25|2000": {
   "fixed": 40.52214480666134,
   "residue": 0.04344475814272929,
   "ad1": 0.04477013968962843,
   "detect": "hit 20% Dhat=0.250"
  },
  "Claw|heap0.25|8000": {
   "fixed": 40.635437834091796,
   "residue": 0.04267506236708503,
   "ad1": 0.043118561400250166,
   "detect": "hit 7% Dhat=0.125"
  },
  "Claw|heap0.50|2000": {
   "fixed": 69.05488818702808,
   "residue": 59.63448263833293,
   "ad1": 59.63448263833293,
   "detect": "hit 0% Dhat=-1.000"
  },
  "Claw|heap0.50|8000": {
   "fixed": 68.98098254069966,
   "residue": 60.056038742785766,
   "ad1": 60.056038742785766,
   "detect": "hit 0% Dhat=-1.000"
  }
 }
}